{
    "3.6-3.7": [
        {
            "deprecated_function": "ensure_future",
            "replacement": "create_task"
        }
    ],
    "3.7-3.8": 
        [
            {
                "deprecated_function": "collections.OrderedDict.move_to_end(",
                "replacement": "dict.popitem(last=True"
            },
            {
                "deprecated_function": "asyncio.Task.all_tasks(",
                "replacement": "all_tasks("
            },
            {   
                "deprecated_function": "Task.current_task(",
                "replacement": "current_task("
            }
        
    ]
}
