{
    "3.6-3.7": [
        {
            "deprecated_function": "ensure_future",
            "replacement": "create_task"
        }
    ],
    "3.7-3.8": 
        [
            {
                "deprecated_function": "collections.OrderedDict.move_to_end(",
                "replacement": "dict.popitem(last=True"
            },  
            {
                "deprecated_function": "asyncio.Task.all_tasks(",
                "replacement": "all_tasks("
            },
            {   
                "deprecated_function": "Task.current_task(",
                "replacement": "current_task("
            }
        
    ],
    "3.8-3.9": [],
    "3.9-3.10": [],
    "3.10-3.11": [
        {
            "deprecated_function": "time.clock(",
            "replacement": "time.process_time("
        },
        {
            "deprecated_function":"collections",
            "replacement":"collections.abc"
        },
        {
            "deprecated_function":"contextlib.nested",
            "replacement":"",
            "description":"This replacement function is an empty string, you are required to make a modification to it"
        },
        {
            "deprecated_function":"viewitems()",
            "replacement":"items()"
        }
    ]
}
